[
		{
			"categoryid": 1,
    		"name": "WorldOfJava",
    		"icon_class": "ts-java programming",
  		  	"description": "Java is programming language"
   		 },
   		 {
   	
    		"categoryid": 1,
    		"name": "Using Java for API ",
    		"icon_class": "ts-java programming",
  		  	"description": "Java is programming language"
   		 },
   		 
   		{
  	  		"categoryid": 1,
    		"name": "WorldOfApi",
    		"icon_class": "ts-java programming",
  		  	"description": "Java is programming language"
   		 },
   		 {
   	
    		"categoryid": 1,
    		"name": "API ",
    		"icon_class": "ts-java programming",
  		  	"description": "Java is programming language"
   		 }
			 
]